{"stats":{"minecraft:killed":{"minecraft:zombie":1},"minecraft:dropped":{"minecraft:cooked_beef":7},"minecraft:mined":{"minecraft:short_grass":4,"minecraft:grass_block":28,"minecraft:acacia_leaves":1,"minecraft:dirt":8,"minecraft:birch_log":1,"minecraft:tall_grass":1,"minecraft:birch_leaves":3},"minecraft:custom":{"minecraft:time_since_rest":31982,"minecraft:crouch_one_cm":56,"minecraft:play_time":31982,"minecraft:sprint_one_cm":10296,"minecraft:damage_taken":55,"minecraft:walk_one_cm":16923,"minecraft:sneak_time":43,"minecraft:mob_kills":1,"minecraft:drop":7,"minecraft:jump":752,"minecraft:damage_dealt":400,"minecraft:leave_game":4,"minecraft:time_since_death":31982,"minecraft:total_world_time":31982,"minecraft:climb_one_cm":327,"minecraft:fall_one_cm":10044,"minecraft:fly_one_cm":325974},"minecraft:used":{"minecraft:dirt":1,"minecraft:cobblestone":1,"minecraft:cooked_beef":2},"minecraft:picked_up":{"minecraft:birch_log":1,"minecraft:cooked_beef":7,"minecraft:gravel":11,"minecraft:flint":2,"minecraft:dirt":36,"minecraft:cobblestone":1}},"DataVersion":3953}