{"stats":{"minecraft:killed_by":{"minecraft:skeleton":1,"minecraft:zombie":3},"minecraft:mined":{"minecraft:grass_block":4,"minecraft:dirt":2,"minecraft:dark_oak_leaves":1,"minecraft:oak_leaves":3},"minecraft:custom":{"minecraft:time_since_rest":200,"minecraft:play_time":58064,"minecraft:sprint_one_cm":7968,"minecraft:deaths":7,"minecraft:damage_taken":2251,"minecraft:walk_one_cm":11854,"minecraft:sneak_time":341,"minecraft:walk_under_water_one_cm":25,"minecraft:mob_kills":2,"minecraft:jump":128,"minecraft:damage_dealt":604,"minecraft:leave_game":8,"minecraft:walk_on_water_one_cm":416,"minecraft:time_since_death":172,"minecraft:total_world_time":58064,"minecraft:fall_one_cm":23294,"minecraft:fly_one_cm":213707},"minecraft:picked_up":{"minecraft:dirt":31},"minecraft:used":{"minecraft:dirt":6},"minecraft:killed":{"minecraft:zombie":1}},"DataVersion":3955}